station,name,x,y,tair
1006.0,Wyndham Aero,128.2,-15.5,[29 - 31.500]
1007.0,Troughton Island,126.1,-13.8,[29 - 31.500]
1019.0,Kalumburu,126.6,-14.3,[29 - 31.500]
1020.0,Truscott,126.4,-14.1,[26.500 - 29]
2012.0,Halls Creek Meteorological Office,127.7,-18.2,[29 - 31.500]
2056.0,Kununurra Aero,128.7,-15.8,[29 - 31.500]
2064.0,Argyle Aerodrome,128.5,-16.6,[29 - 31.500]
3003.0,Broome Airport,122.2,-17.9,[29 - 31.500]
3032.0,Derby Aero,123.7,-17.4,[29 - 31.500]
3080.0,Curtin Aero,123.8,-17.6,[29 - 31.500]
3093.0,Fitzroy Crossing Aero,125.6,-18.2,[29 - 31.500]
4019.0,Mandora,120.8,-19.7,[29 - 31.500]
4032.0,Port Hedland Airport,118.6,-20.4,[29 - 31.500]
4083.0,Karratha Aero,116.8,-20.7,[29 - 31.500]
4090.0,Roebourne Aero,117.2,-20.8,[29 - 31.500]
4095.0,Legendre Island,116.8,-20.4,[29 - 31.500]
4106.0,Marble Bar,119.7,-21.2,[31.500 - 34]
5007.0,Learmonth Airport,114.1,-22.2,[26.500 - 29]
5008.0,Mardie,116.0,-21.2,[29 - 31.500]
5017.0,Onslow Airport,115.1,-21.7,[29 - 31.500]
5094.0,Barrow Island Airport,115.4,-20.9,[26.500 - 29]
6011.0,Carnarvon Airport,113.7,-24.9,[24 - 26.500]
6105.0,Shark Bay Airport,113.6,-25.9,[24 - 26.500]
7045.0,Meekatharra Airport,118.5,-26.6,[29 - 31.500]
7176.0,Newman Aero,119.8,-23.4,[29 - 31.500]
7185.0,Paraburdoo Aero,117.7,-23.2,[31.500 - 34]
7600.0,Mount Magnet Aero,117.8,-28.1,[26.500 - 29]
8051.0,Geraldton Airport Comparison,114.7,-28.8,[24 - 26.500]
8290.0,North Island,113.6,-28.3,[21.500 - 24]
8296.0,Morawa Airport,116.0,-29.2,[24 - 26.500]
8297.0,Dalwallinu,116.7,-30.3,[21.500 - 24]
8315.0,Geraldton Airport,114.7,-28.8,[24 - 26.500]
9021.0,Perth Airport,116.0,-31.9,[21.500 - 24]
9037.0,Badgingarra Research Stn,115.5,-30.3,[21.500 - 24]
9053.0,Pearce Raaf,116.0,-31.7,[21.500 - 24]
9172.0,Jandakot Aero,115.9,-32.1,[21.500 - 24]
9178.0,Gingin Aero,115.9,-31.5,[21.500 - 24]
9193.0,Rottnest Island,115.5,-32.0,[19 - 21.500]
9215.0,Swanbourne,115.8,-32.0,[21.500 - 24]
9225.0,Perth Metro,115.9,-31.9,[21.500 - 24]
9240.0,Bickley,116.1,-32.0,[19 - 21.500]
9256.0,Garden Island Hsf,115.7,-32.2,[21.500 - 24]
9265.0,Hillarys Boat Harbour Ntc Aws,115.7,-31.8,[21.500 - 24]
9518.0,Cape Leeuwin,115.1,-34.4,[16.500 - 19]
9519.0,Cape Naturaliste,115.0,-33.5,[19 - 21.500]
9538.0,Dwellingup,116.1,-32.7,[19 - 21.500]
9542.0,Esperance Aero,121.8,-33.7,[19 - 21.500]
9569.0,Busselton,115.3,-33.7,[19 - 21.500]
9573.0,Manjimup,116.1,-34.3,[16.500 - 19]
9603.0,Busselton Aero,115.4,-33.7,[19 - 21.500]
9617.0,Bridgetown,116.1,-33.9,[19 - 21.500]
9741.0,Albany Airport Comparison,117.8,-34.9,[16.500 - 19]
9746.0,Witchcliffe,115.1,-34.0,[19 - 21.500]
9789.0,Esperance,121.9,-33.8,[19 - 21.500]
9887.0,Mandurah,115.8,-32.5,[21.500 - 24]
9961.0,Hopetoun North,120.1,-33.9,[19 - 21.500]
9964.0,Rocky Gully,117.0,-34.6,[16.500 - 19]
9965.0,Bunbury,115.6,-33.4,[19 - 21.500]
9968.0,Shannon,116.3,-34.6,[16.500 - 19]
9977.0,Mandurah,115.7,-32.5,[21.500 - 24]
9994.0,Collie East,116.2,-33.4,[19 - 21.500]
9998.0,North Walpole,116.7,-34.9,[16.500 - 19]
9999.0,Albany Airport,117.8,-34.9,[19 - 21.500]
10286.0,Cunderdin Airfield,117.2,-31.6,[21.500 - 24]
10692.0,Newdegate Research Station,118.8,-33.1,[19 - 21.500]
10905.0,Jacup,119.1,-33.9,[19 - 21.500]
10911.0,Lake Grace,118.5,-33.1,[19 - 21.500]
10916.0,Katanning,117.6,-33.7,[16.500 - 19]
10917.0,Wandering,116.7,-32.7,[19 - 21.500]
11003.0,Eucla,128.9,-31.7,[21.500 - 24]
11052.0,Forrest,128.1,-30.8,[21.500 - 24]
11053.0,Red Rocks Point,127.5,-32.2,[21.500 - 24]
12009.0,Norseman Aero,121.8,-32.2,[19 - 21.500]
12038.0,Kalgoorlie-Boulder Airport,121.5,-30.8,[21.500 - 24]
12044.0,Munglinup West,120.7,-33.6,[19 - 21.500]
12071.0,Salmon Gums Res.stn.,121.6,-33.0,[19 - 21.500]
12241.0,Leonora Aero,121.3,-28.9,[26.500 - 29]
12305.0,Laverton Aero,122.4,-28.6,[24 - 26.500]
12314.0,Leinster Aero,120.7,-27.8,[26.500 - 29]
12320.0,Southern Cross Airfield,119.4,-31.2,[21.500 - 24]
13011.0,Warburton Airfield,126.6,-26.1,[29 - 31.500]
13017.0,Giles Meteorological Office,128.3,-25.0,[26.500 - 29]
13030.0,Telfer Aero,122.2,-21.7,[31.500 - 34]
14015.0,Darwin Airport,130.9,-12.4,[26.500 - 29]
14031.0,Charles Point,130.6,-12.4,[29 - 31.500]
14041.0,Middle Point,131.3,-12.6,[26.500 - 29]
14072.0,Darwin Ntc Aws,130.8,-12.5,[26.500 - 29]
14142.0,Pirlangimpi Airport,130.4,-11.4,[29 - 31.500]
14198.0,Jabiru Airport,132.9,-12.7,[26.500 - 29]
14272.0,Batchelor Airport,131.0,-13.1,[26.500 - 29]
14277.0,Dum In Mirrie Airstrip,130.4,-12.6,[29 - 31.500]
14401.0,Warruwi Airport,133.4,-11.7,[29 - 31.500]
14404.0,Milingimbi Airport,134.9,-12.1,[29 - 31.500]
14405.0,Maningrida Airport,134.2,-12.1,[29 - 31.500]
14508.0,Gove Airport,136.8,-12.3,[29 - 31.500]
14518.0,Groote Eylandt Airport,136.5,-14.0,[29 - 31.500]
14627.0,Bulman,134.3,-13.7,[26.500 - 29]
14704.0,Mcarthur River Mine Airport,136.1,-16.4,[29 - 31.500]
14723.0,Borroloola Airport,136.3,-16.1,[29 - 31.500]
14825.0,Victoria River Downs,131.0,-16.4,[29 - 31.500]
14829.0,Lajamanu Airport,130.6,-18.3,[29 - 31.500]
14901.0,Douglas River Research Farm,131.2,-13.8,[26.500 - 29]
14932.0,Tindal Raaf,132.4,-14.5,[26.500 - 29]
14948.0,Port Keats Airport,129.5,-14.2,[26.500 - 29]
14949.0,Delamere Weapons Range,131.9,-15.7,[26.500 - 29]
15135.0,Tennant Creek Airport,134.2,-19.6,[29 - 31.500]
15590.0,Alice Springs Airport,133.9,-23.8,[29 - 31.500]
15602.0,Jervois,136.1,-22.9,[31.500 - 34]
15635.0,Yulara Airport,131.0,-25.2,[29 - 31.500]
15643.0,Territory Grape Farm,133.6,-22.5,[29 - 31.500]
15664.0,Walungurru Airport,129.4,-23.3,[31.500 - 34]
16001.0,Woomera Aerodrome,136.8,-31.2,[26.500 - 29]
16090.0,Coober Pedy Airport,134.7,-29.0,[26.500 - 29]
16096.0,Roxby Downs (Olympic Dam Aerodrome),136.9,-30.5,[29 - 31.500]
16097.0,Ernabella (Pukatja),132.2,-26.3,[26.500 - 29]
16098.0,Tarcoola Aero,134.6,-30.7,[26.500 - 29]
17043.0,Oodnadatta Airport,135.4,-27.6,[29 - 31.500]
17110.0,Leigh Creek Airport,138.4,-30.6,[29 - 31.500]
17123.0,Moomba Airport,140.2,-28.1,[31.500 - 34]
17126.0,Marree Aero,138.1,-29.7,[29 - 31.500]
18012.0,Ceduna Amo,133.7,-32.1,[24 - 26.500]
18083.0,Wudinna Aero,135.5,-33.0,[24 - 26.500]
18106.0,Nullarbor,130.9,-31.4,[21.500 - 24]
18115.0,Neptune Island,136.1,-35.3,[19 - 21.500]
18116.0,Cleve Aerodrome,136.5,-33.7,[21.500 - 24]
18120.0,Whyalla Aero,137.5,-33.1,[24 - 26.500]
18191.0,Coulta (Coles Point),135.4,-34.4,[21.500 - 24]
18192.0,North Shields (Port Lincoln Aws),135.9,-34.6,[19 - 21.500]
18195.0,Minnipa Pirsa,135.2,-32.8,[24 - 26.500]
18201.0,Port Augusta Aero,137.7,-32.5,[26.500 - 29]
18217.0,Cummins Aero,135.7,-34.3,[24 - 26.500]
20062.0,Yunta Airstrip,139.6,-32.6,[24 - 26.500]
21131.0,Clare High School,138.6,-33.8,[21.500 - 24]
21133.0,Snowtown (Rayville Park),138.2,-33.8,[24 - 26.500]
22031.0,Minlaton Aero,137.5,-34.7,[21.500 - 24]
22046.0,Edithburgh,137.7,-35.1,[19 - 21.500]
22049.0,Stenhouse Bay,136.9,-35.3,[19 - 21.500]
22050.0,Kadina Aws,137.7,-34.0,[24 - 26.500]
22803.0,Cape Willoughby,138.1,-35.8,[16.500 - 19]
22823.0,Cape Borda,136.6,-35.8,[19 - 21.500]
22841.0,Kingscote Aero,137.5,-35.7,[21.500 - 24]
22843.0,Parndana Cfs Aws,137.2,-35.8,[19 - 21.500]
23013.0,Parafield Airport,138.6,-34.8,[24 - 26.500]
23034.0,Adelaide Airport,138.5,-35.0,[21.500 - 24]
23083.0,Edinburgh Raaf,138.6,-34.7,[24 - 26.500]
23090.0,Adelaide (Kent Town),138.6,-34.9,[24 - 26.500]
23122.0,Roseworthy Aws,138.7,-34.5,[24 - 26.500]
23373.0,Nuriootpa Pirsa,139.0,-34.5,[21.500 - 24]
23842.0,Mount Lofty,138.7,-35.0,[16.500 - 19]
23875.0,Parawa (Second Valley Forest Aws),138.3,-35.6,[19 - 21.500]
23878.0,Mount Crawford Aws,138.9,-34.7,[19 - 21.500]
23885.0,Noarlunga,138.5,-35.2,[21.500 - 24]
23887.0,Kuitpo Forest Reserve,138.7,-35.2,[19 - 21.500]
23894.0,Hindmarsh Island Aws,138.8,-35.5,[19 - 21.500]
24024.0,Loxton Research Centre,140.6,-34.4,[24 - 26.500]
24048.0,Renmark Aero,140.7,-34.2,[24 - 26.500]
24580.0,Strathalbyn Racecourse,138.9,-35.3,[21.500 - 24]
24584.0,Murray Bridge (Pallamana Aerodrome),139.2,-35.1,[21.500 - 24]
25557.0,Keith (Munkora),140.3,-36.1,[21.500 - 24]
25562.0,Lameroo (Austin Plains),140.5,-35.4,[21.500 - 24]
26021.0,Mount Gambier Aero,140.8,-37.7,[19 - 21.500]
26091.0,Coonawarra,140.8,-37.3,[19 - 21.500]
26095.0,Cape Jaffa (The Limestone),139.7,-37.0,[19 - 21.500]
26099.0,Naracoorte Aerodrome,140.7,-37.0,[21.500 - 24]
26100.0,Padthaway South,140.5,-36.7,[21.500 - 24]
26105.0,Robe Airfield,139.8,-37.2,[19 - 21.500]
27045.0,Weipa Aero,141.9,-12.7,[29 - 31.500]
27058.0,Horn Island,142.3,-10.6,[29 - 31.500]
27073.0,Coen Airport,143.1,-13.8,[29 - 31.500]
27075.0,Scherger Raaf,142.1,-12.6,[29 - 31.500]
28004.0,Palmerville,144.1,-16.0,[29 - 31.500]
28008.0,Lockhart River Airport,143.3,-12.8,[29 - 31.500]
29038.0,Kowanyama Airport,141.7,-15.5,[29 - 31.500]
29039.0,Mornington Island,139.2,-16.7,[29 - 31.500]
29058.0,Julia Creek Airport,141.7,-20.7,[31.500 - 34]
29063.0,Normanton Airport,141.1,-17.7,[29 - 31.500]
29077.0,Burketown Airport,139.5,-17.7,[29 - 31.500]
29127.0,Mount Isa Aero,139.5,-20.7,[29 - 31.500]
29141.0,Cloncurry Airport,140.5,-20.7,[29 - 31.500]
29167.0,Century Mine,138.7,-18.8,[29 - 31.500]
29181.0,Lake Julius Aws,139.7,-20.1,[31.500 - 34]
30022.0,Hughenden Airport,144.2,-20.8,[29 - 31.500]
30124.0,Georgetown Airport,143.5,-18.3,[29 - 31.500]
30161.0,Richmond Airport,143.1,-20.7,[29 - 31.500]
31011.0,Cairns Aero,145.7,-16.9,[29 - 31.500]
31037.0,Low Isles Lighthouse,145.6,-16.4,[26.500 - 29]
31192.0,Green Island,146.0,-16.8,[26.500 - 29]
31209.0,Cooktown Airport,145.2,-15.4,[29 - 31.500]
31210.0,Mareeba Airport,145.4,-17.1,[26.500 - 29]
31213.0,Cape Flattery,145.3,-15.0,[29 - 31.500]
31222.0,Cairns Racecourse,145.7,-16.9,[29 - 31.500]
32037.0,South Johnstone Exp Stn,146.0,-17.6,[26.500 - 29]
32040.0,Townsville Aero,146.8,-19.2,[29 - 31.500]
32141.0,Lucinda Point,146.4,-18.5,[26.500 - 29]
32182.0,Cape Ferguson Ntc Aws,147.1,-19.3,[26.500 - 29]
33002.0,Ayr Dpi Research Stn,147.4,-19.6,[29 - 31.500]
33045.0,Mackay Aero,149.2,-21.2,[26.500 - 29]
33106.0,Hamilton Island Airport,149.0,-20.4,[26.500 - 29]
33119.0,Mackay M.o,149.2,-21.1,[26.500 - 29]
33195.0,Williamson,150.2,-22.5,[26.500 - 29]
33208.0,Rosslyn Bay Ntc Aws,150.8,-23.2,[26.500 - 29]
33210.0,St Lawrence,149.5,-22.3,[26.500 - 29]
33247.0,Proserpine Airport,148.6,-20.5,[26.500 - 29]
33294.0,Yeppoon The Esplanade,150.8,-23.1,[26.500 - 29]
33295.0,Alva Beach,147.5,-19.5,[29 - 31.500]
33307.0,Woolshed,146.5,-19.4,[24 - 26.500]
33308.0,Samuel Hill Aero,150.7,-22.7,[26.500 - 29]
34035.0,Moranbah Airport,148.1,-22.1,[26.500 - 29]
35124.0,Clermont Airport,147.6,-22.8,[26.500 - 29]
35129.0,Rolleston Airport,148.6,-24.5,[26.500 - 29]
35134.0,Blackwater Airport,148.8,-23.6,[26.500 - 29]
35139.0,Lochington,147.5,-23.9,[26.500 - 29]
35264.0,Emerald Airport,148.2,-23.6,[26.500 - 29]
36031.0,Longreach Aero,144.3,-23.4,[29 - 31.500]
36034.0,Blackall Airport,145.4,-24.4,[29 - 31.500]
37010.0,Camooweal Township,138.1,-19.9,[31.500 - 34]
37034.0,The Monument Airport,139.9,-21.8,[31.500 - 34]
37036.0,Trepell Airport,140.9,-21.8,[31.500 - 34]
37039.0,Winton Airport,143.1,-22.4,[29 - 31.500]
37058.0,Urandangi Aerodrome,138.4,-21.6,[31.500 - 34]
37059.0,New May Downs,139.3,-20.6,[29 - 31.500]
38026.0,Birdsville Airport,139.3,-25.9,[31.500 - 34]
39059.0,Lady Elliot Island,152.7,-24.1,[26.500 - 29]
39066.0,Gayndah Airport,151.6,-25.6,[26.500 - 29]
39083.0,Rockhampton Aero,150.5,-23.4,[26.500 - 29]
39089.0,Thangool Airport,150.6,-24.5,[26.500 - 29]
39122.0,Heron Island Res Stn,151.9,-23.4,[26.500 - 29]
39123.0,Gladstone Radar,151.3,-23.9,[26.500 - 29]
39128.0,Bundaberg Aero,152.3,-24.9,[26.500 - 29]
39322.0,Rundle Island,151.3,-23.5,[24 - 26.500]
39326.0,Gladstone Airport,151.2,-23.9,[26.500 - 29]
40004.0,Amberley Amo,152.7,-27.6,[26.500 - 29]
40043.0,Cape Moreton Lighthouse,153.5,-27.0,[24 - 26.500]
40068.0,Double Island Point Lighthouse,153.2,-25.9,[26.500 - 29]
40082.0,University Of Queensland Gatton,152.3,-27.5,[26.500 - 29]
40093.0,Gympie,152.6,-26.2,[26.500 - 29]
40126.0,Maryborough,152.7,-25.5,[26.500 - 29]
40211.0,Archerfield Airport,153.0,-27.6,[26.500 - 29]
40223.0,Brisbane Aero,153.1,-27.4,[24 - 26.500]
40282.0,Nambour Dpi,152.9,-26.6,[26.500 - 29]
40284.0,Beerburrum Forest Station,153.0,-27.0,[26.500 - 29]
40405.0,Hervey Bay Airport,152.9,-25.3,[26.500 - 29]
40555.0,Toolara (Kelly),152.9,-26.0,[26.500 - 29]
40651.0,Jimna Forestry,152.5,-26.7,[21.500 - 24]
40717.0,Coolangatta,153.5,-28.2,[24 - 26.500]
40764.0,Gold Coast Seaway,153.4,-27.9,[24 - 26.500]
40842.0,Brisbane Aero,153.1,-27.4,[24 - 26.500]
40861.0,Sunshine Coast Airport,153.1,-26.6,[26.500 - 29]
40908.0,Tewantin Rsl Park,153.0,-26.4,[26.500 - 29]
40913.0,Brisbane,153.0,-27.5,[26.500 - 29]
40922.0,Kingaroy Airport,151.8,-26.6,[24 - 26.500]
40958.0,Redcliffe,153.1,-27.2,[24 - 26.500]
40983.0,Beaudesert Drumley Street,153.0,-28.0,[26.500 - 29]
40988.0,Nambour Daff - Hillside,152.9,-26.6,[24 - 26.500]
41097.0,Inglewood Forest,151.0,-28.4,[24 - 26.500]
41175.0,Applethorpe,152.0,-28.6,[21.500 - 24]
41359.0,Oakey Aero,151.7,-27.4,[24 - 26.500]
41522.0,Dalby Airport,151.3,-27.2,[24 - 26.500]
41525.0,Warwick,152.1,-28.2,[24 - 26.500]
41529.0,Toowoomba Airport,151.9,-27.5,[21.500 - 24]
42112.0,Miles Constance Street,150.2,-26.7,[26.500 - 29]
43091.0,Roma Airport,148.8,-26.5,[26.500 - 29]
43109.0,St George Airport,148.6,-28.0,[26.500 - 29]
44021.0,Charleville Aero,146.3,-26.4,[29 - 31.500]
45009.0,Ballera Gas Field,141.8,-27.4,[31.500 - 34]
45025.0,Thargomindah Airport,143.8,-28.0,[31.500 - 34]
46012.0,Wilcannia Aerodrome Aws,143.4,-31.5,[29 - 31.500]
46126.0,Tibooburra Airport,142.1,-29.4,[29 - 31.500]
46128.0,Fowlers Gap Aws,141.7,-31.1,[26.500 - 29]
46129.0,White Cliffs Aws,143.1,-30.9,[29 - 31.500]
47048.0,Broken Hill Airport Aws,141.5,-32.0,[26.500 - 29]
48027.0,Cobar Mo,145.8,-31.5,[26.500 - 29]
48237.0,Cobar Airport Aws,145.8,-31.5,[26.500 - 29]
48245.0,Bourke Airport Aws,146.0,-30.0,[29 - 31.500]
49000.0,Ivanhoe Aerodrome Aws,144.3,-32.9,[26.500 - 29]
50017.0,West Wyalong Airport Aws,147.2,-33.9,[26.500 - 29]
50137.0,Condobolin Airport Aws,147.2,-33.1,[26.500 - 29]
51049.0,Trangie Research Station Aws,147.9,-32.0,[26.500 - 29]
51161.0,Coonamble Airport Aws,148.4,-31.0,[26.500 - 29]
52088.0,Walgett Airport Aws,148.1,-30.0,[29 - 31.500]
53115.0,Moree Aero,149.8,-29.5,[26.500 - 29]
54038.0,Narrabri Airport Aws,149.8,-30.3,[26.500 - 29]
55202.0,Gunnedah Airport Aws,150.2,-31.0,[26.500 - 29]
55325.0,Tamworth Airport Aws,150.8,-31.1,[26.500 - 29]
56018.0,Inverell Research Centre,151.1,-29.8,[24 - 26.500]
56238.0,Armidale Airport Aws,151.6,-30.5,[19 - 21.500]
56243.0,Glen Innes Airport Aws,151.7,-29.7,[19 - 21.500]
58012.0,Yamba Pilot Station,153.4,-29.4,[24 - 26.500]
58077.0,Grafton Research Stn,153.0,-29.6,[24 - 26.500]
58161.0,Grafton Airport Aws,153.0,-29.8,[24 - 26.500]
58198.0,Ballina Airport Aws,153.6,-28.8,[24 - 26.500]
58208.0,Casino Airport Aws,153.1,-28.9,[24 - 26.500]
58212.0,Evans Head Raaf Bombing Range Aws,153.4,-29.2,[24 - 26.500]
58214.0,Lismore Airport Aws,153.3,-28.8,[24 - 26.500]
58216.0,Byron Bay (Cape Byron Aws),153.6,-28.6,[24 - 26.500]
59007.0,Kempsey Airport Aws,152.8,-31.1,[24 - 26.500]
59040.0,Coffs Harbour Mo,153.1,-30.3,[24 - 26.500]
59151.0,Coffs Harbour Airport,153.1,-30.3,[24 - 26.500]
60139.0,Port Macquarie Airport Aws,152.9,-31.4,[24 - 26.500]
60141.0,Taree Airport Aws,152.5,-31.9,[24 - 26.500]
61055.0,Newcastle Nobbys Signal Station Aws,151.8,-32.9,[21.500 - 24]
61078.0,Williamtown Raaf,151.8,-32.8,[24 - 26.500]
61087.0,Gosford (Narara Research Station) Aws,151.3,-33.4,[24 - 26.500]
61250.0,Paterson (Tocal Aws),151.6,-32.6,[24 - 26.500]
61260.0,Cessnock Airport Aws,151.3,-32.8,[24 - 26.500]
61287.0,Merriwa (Roscommon),150.2,-32.2,[24 - 26.500]
61363.0,Scone Airport Aws,150.8,-32.0,[24 - 26.500]
61366.0,Norah Head Aws,151.6,-33.3,[21.500 - 24]
61375.0,Mangrove Mountain Aws,151.2,-33.3,[21.500 - 24]
61392.0,Murrurundi Gap Aws,150.8,-31.7,[21.500 - 24]
61412.0,Cooranbong (Lake Macquarie Aws),151.5,-33.1,[24 - 26.500]
61425.0,Gosford Aws,151.4,-33.4,[24 - 26.500]
62100.0,Nullo Mountain Aws,150.2,-32.7,[16.500 - 19]
62101.0,Mudgee Airport Aws,149.6,-32.6,[24 - 26.500]
63291.0,Bathurst Airport Aws,149.7,-33.4,[21.500 - 24]
63292.0,Mount Boyce Aws,150.3,-33.6,[16.500 - 19]
63303.0,Orange Airport Aws,149.1,-33.4,[19 - 21.500]
64017.0,Coonabarabran Airport Aws,149.3,-31.3,[24 - 26.500]
65068.0,Parkes Airport Aws,148.2,-33.1,[26.500 - 29]
65070.0,Dubbo Airport Aws,148.6,-32.2,[26.500 - 29]
65103.0,Forbes Airport Aws,147.9,-33.4,[26.500 - 29]
65111.0,Cowra Airport Aws,148.7,-33.8,[24 - 26.500]
66037.0,Sydney Airport Amo,151.2,-33.9,[24 - 26.500]
66059.0,Terrey Hills Aws,151.2,-33.7,[21.500 - 24]
66062.0,Sydney (Observatory Hill),151.2,-33.9,[24 - 26.500]
66137.0,Bankstown Airport Aws,151.0,-33.9,[24 - 26.500]
66161.0,Holsworthy Aerodrome Aws,150.9,-34.0,[24 - 26.500]
66194.0,Canterbury Racecourse Aws,151.1,-33.9,[24 - 26.500]
66195.0,Sydney Olympic Park (Sydney Olympic Pk (,151.1,-33.9,[24 - 26.500]
66196.0,Sydney Harbour (Wedding Cake West),151.3,-33.8,[21.500 - 24]
66212.0,Sydney Olympic Park Aws (Archery Centre),151.1,-33.8,[24 - 26.500]
67105.0,Richmond Raaf,150.8,-33.6,[24 - 26.500]
67108.0,Badgerys Creek Aws,150.7,-33.9,[24 - 26.500]
67113.0,Penrith Lakes Aws,150.7,-33.7,[24 - 26.500]
67117.0,Holsworthy Control Range,150.9,-34.0,[24 - 26.500]
67119.0,Horsley Park Equestrian Centre Aws,150.9,-33.9,[24 - 26.500]
68072.0,Nowra Ran Air Station Aws,150.5,-34.9,[21.500 - 24]
68151.0,Jervis Bay (Point Perpendicular Aws),150.8,-35.1,[21.500 - 24]
68192.0,Camden Airport Aws,150.7,-34.0,[24 - 26.500]
68228.0,Bellambi Aws,150.9,-34.4,[21.500 - 24]
68239.0,Moss Vale Aws,150.4,-34.5,[19 - 21.500]
68241.0,Albion Park (Shellharbour Airport),150.8,-34.6,[21.500 - 24]
68242.0,Kiama (Bombo Headland),150.9,-34.7,[21.500 - 24]
68253.0,Port Kembla Ntc Aws,150.9,-34.5,[19 - 21.500]
68257.0,Campbelltown (Mount Annan),150.8,-34.1,[24 - 26.500]
68262.0,High Range Aws (Wanganderry),150.3,-34.3,[19 - 21.500]
69017.0,Montague Island Lighthouse,150.2,-36.3,[19 - 21.500]
69128.0,Nerriga Aws,150.1,-35.1,[21.500 - 24]
69132.0,Braidwood Racecourse Aws,149.8,-35.4,[21.500 - 24]
69137.0,Green Cape Aws,150.1,-37.3,[19 - 21.500]
69138.0,Ulladulla Aws,150.5,-35.4,[19 - 21.500]
69139.0,Bega Aws,149.8,-36.7,[21.500 - 24]
69147.0,Merimbula Airport Aws,149.9,-36.9,[21.500 - 24]
69148.0,Moruya Airport Aws,150.1,-35.9,[21.500 - 24]
70014.0,Canberra Airport Comparison,149.2,-35.3,[21.500 - 24]
70217.0,Cooma Airport Aws,149.0,-36.3,[19 - 21.500]
70328.0,Bombala Aws,149.2,-37.0,[19 - 21.500]
70330.0,Goulburn Airport Aws,149.7,-34.8,[21.500 - 24]
70339.0,Tuggeranong (Isabella Plains) Aws,149.1,-35.4,[21.500 - 24]
70349.0,Mount Ginini Aws,148.8,-35.5,[14 - 16.500]
70351.0,Canberra Airport,149.2,-35.3,[21.500 - 24]
71032.0,Thredbo Aws,148.3,-36.5,[11.500 - 14]
71075.0,Perisher Valley Aws,148.4,-36.4,[14 - 16.500]
72150.0,Wagga Wagga Amo,147.5,-35.2,[24 - 26.500]
72160.0,Albury Airport Aws,147.0,-36.1,[24 - 26.500]
72161.0,Cabramurra Smhea Aws,148.4,-35.9,[14 - 16.500]
72162.0,Khancoban Aws,148.1,-36.2,[21.500 - 24]
73138.0,Young Airport,148.2,-34.2,[24 - 26.500]
73151.0,Temora Airport,147.5,-34.4,[24 - 26.500]
74037.0,Yanco Agricultural Institute,146.4,-34.6,[26.500 - 29]
74148.0,Narrandera Airport Aws,146.5,-34.7,[26.500 - 29]
74253.0,Finley (Csiro),145.6,-35.7,[24 - 26.500]
74258.0,Deniliquin Airport Aws,144.9,-35.6,[24 - 26.500]
75019.0,Hay Airport Aws,144.8,-34.5,[26.500 - 29]
75041.0,Griffith Airport Aws,146.1,-34.2,[26.500 - 29]
75174.0,Griffith Csiro,146.1,-34.3,[24 - 26.500]
75175.0,Hay Csiro Aws,144.9,-34.5,[26.500 - 29]
76031.0,Mildura Airport,142.1,-34.2,[24 - 26.500]
76064.0,Walpeup Research,142.0,-35.1,[24 - 26.500]
77010.0,Hopetoun Airport,142.4,-35.7,[24 - 26.500]
77094.0,Swan Hill Aerodrome,143.5,-35.4,[24 - 26.500]
78015.0,Nhill Aerodrome,141.6,-36.3,[21.500 - 24]
79028.0,Longerenong,142.3,-36.7,[21.500 - 24]
79097.0,Kanagulk,141.8,-37.1,[21.500 - 24]
79099.0,Edenhope Airport,141.3,-37.0,[21.500 - 24]
79100.0,Horsham Aerodrome,142.2,-36.7,[21.500 - 24]
79101.0,Pyrenees (Ben Nevis),143.2,-37.2,[16.500 - 19]
79103.0,Grampians (Mount William),142.6,-37.3,[14 - 16.500]
79105.0,Stawell Aerodrome,142.7,-37.1,[21.500 - 24]
80091.0,Kyabram,145.1,-36.3,[24 - 26.500]
80128.0,Charlton,143.3,-36.3,[24 - 26.500]
81049.0,Tatura Inst Sustainable Ag,145.3,-36.4,[24 - 26.500]
81123.0,Bendigo Airport,144.3,-36.7,[21.500 - 24]
81124.0,Yarrawonga,146.0,-36.0,[24 - 26.500]
81125.0,Shepparton Airport,145.4,-36.4,[24 - 26.500]
82039.0,Rutherglen Research,146.5,-36.1,[24 - 26.500]
82138.0,Wangaratta Aero,146.3,-36.4,[24 - 26.500]
82139.0,Hunters Hill,147.5,-36.2,[19 - 21.500]
83024.0,Mount Buller,146.4,-37.1,[11.500 - 14]
83084.0,Falls Creek,147.3,-36.9,[11.500 - 14]
83085.0,Mount Hotham,147.1,-37.0,[11.500 - 14]
83090.0,Omeo,147.6,-37.1,[19 - 21.500]
84016.0,Gabo Island Lighthouse,149.9,-37.6,[19 - 21.500]
84084.0,Mallacoota,149.7,-37.6,[19 - 21.500]
84142.0,Gelantipy,148.3,-37.2,[16.500 - 19]
84143.0,Combienbar Aws,149.0,-37.3,[19 - 21.500]
84144.0,Mount Nowa Nowa,148.1,-37.7,[19 - 21.500]
84145.0,Orbost,148.5,-37.7,[21.500 - 24]
85072.0,East Sale,147.1,-38.1,[19 - 21.500]
85096.0,Wilsons Promontory Lighthouse,146.4,-39.1,[16.500 - 19]
85099.0,Pound Creek,145.8,-38.6,[19 - 21.500]
85151.0,Yarram Airport,146.7,-38.6,[19 - 21.500]
85279.0,Bairnsdale Airport,147.6,-37.9,[21.500 - 24]
85280.0,Morwell (Latrobe Valley Airport),146.5,-38.2,[19 - 21.500]
85291.0,Mount Baw Baw,146.3,-37.8,[11.500 - 14]
85296.0,Mount Moornapa,147.1,-37.7,[19 - 21.500]
85301.0,Corner Inlet (Yanakie),146.2,-38.8,[19 - 21.500]
85313.0,Nilma North (Warragul),146.0,-38.1,[19 - 21.500]
86038.0,Essendon Airport,144.9,-37.7,[19 - 21.500]
86068.0,Viewbank,145.1,-37.7,[21.500 - 24]
86071.0,Melbourne Regional Office,145.0,-37.8,[21.500 - 24]
86077.0,Moorabbin Airport,145.1,-38.0,[19 - 21.500]
86104.0,Scoresby Research Institute,145.3,-37.9,[19 - 21.500]
86266.0,Ferny Creek,145.3,-37.9,[16.500 - 19]
86282.0,Melbourne Airport,144.8,-37.7,[19 - 21.500]
86338.0,Melbourne (Olympic Park),145.0,-37.8,[19 - 21.500]
86361.0,Cerberus,145.2,-38.4,[19 - 21.500]
86371.0,Frankston Aws,145.1,-38.1,[16.500 - 19]
86372.0,Ferny Creek (Dunns Hill),145.3,-37.9,[16.500 - 19]
86373.0,Rhyll,145.3,-38.5,[19 - 21.500]
86383.0,Coldstream,145.4,-37.7,[19 - 21.500]
87031.0,Laverton Raaf,144.8,-37.9,[19 - 21.500]
87113.0,Avalon Airport,144.5,-38.0,[19 - 21.500]
87163.0,Grovedale (Geelong Airport),144.3,-38.2,[19 - 21.500]
87166.0,Point Wilson,144.5,-38.1,[19 - 21.500]
87168.0,Sheoaks,144.1,-37.9,[19 - 21.500]
87184.0,Breakwater (Geelong Racecourse),144.4,-38.2,[19 - 21.500]
88051.0,Redesdale,144.5,-37.0,[21.500 - 24]
88109.0,Mangalore Airport,145.2,-36.9,[21.500 - 24]
88162.0,Wallan (Kilmore Gap),145.0,-37.4,[16.500 - 19]
88164.0,Eildon Fire Tower,145.8,-37.2,[19 - 21.500]
89002.0,Ballarat Aerodrome,143.8,-37.5,[19 - 21.500]
89105.0,Lookout Hill,143.2,-37.3,[14 - 16.500]
89112.0,Westmere,142.9,-37.7,[19 - 21.500]
90015.0,Cape Otway Lighthouse,143.5,-38.9,[16.500 - 19]
90035.0,Colac (Mount Gellibrand),143.8,-38.2,[19 - 21.500]
90171.0,Portland (Cashmore Airport),141.5,-38.3,[16.500 - 19]
90173.0,Hamilton Airport,142.1,-37.6,[19 - 21.500]
90175.0,Port Fairy Aws,142.2,-38.4,[19 - 21.500]
90176.0,Mortlake Racecourse,142.8,-38.1,[19 - 21.500]
90180.0,Aireys Inlet,144.1,-38.5,[19 - 21.500]
90182.0,Casterton,141.3,-37.6,[19 - 21.500]
90184.0,Cape Nelson Lighthouse,141.5,-38.4,[16.500 - 19]
90186.0,Warrnambool Airport Ndb,142.5,-38.3,[19 - 21.500]
90192.0,Portland Ntc Aws,141.6,-38.3,[16.500 - 19]
90194.0,Dartmoor,141.3,-37.9,[19 - 21.500]
91104.0,Launceston Airport Comparison,147.2,-41.5,[16.500 - 19]
91107.0,Wynyard Airport,145.7,-41.0,[16.500 - 19]
91126.0,Devonport Airport,146.4,-41.2,[16.500 - 19]
91219.0,Scottsdale (West Minstone Road),147.5,-41.2,[16.500 - 19]
91237.0,Launceston (Ti Tree Bend),147.1,-41.4,[19 - 21.500]
91245.0,Cape Grim Baps (Comparison),144.7,-40.7,[14 - 16.500]
91259.0,Luncheon Hill (Forestry),145.2,-41.1,[14 - 16.500]
91291.0,Sheffield School Farm,146.3,-41.4,[16.500 - 19]
91292.0,Smithton Aerodrome,145.1,-40.8,[16.500 - 19]
91293.0,Low Head,146.8,-41.1,[16.500 - 19]
91306.0,Cressy Research Station,147.1,-41.7,[19 - 21.500]
91311.0,Launceston Airport,147.2,-41.5,[16.500 - 19]
91331.0,Cape Grim,144.7,-40.7,[14 - 16.500]
91344.0,Burnie Ntc Aws,145.9,-41.1,[16.500 - 19]
92012.0,Fingal (Legge Street),148.0,-41.6,[19 - 21.500]
92045.0,Larapuna (Eddystone Point),148.3,-41.0,[19 - 21.500]
92114.0,Friendly Beaches,148.3,-42.0,[19 - 21.500]
92120.0,St Helens Aerodrome,148.3,-41.3,[16.500 - 19]
92123.0,Swan Island,148.1,-40.7,[16.500 - 19]
92124.0,Maria Island (Point Lesueur),148.0,-42.7,[16.500 - 19]
92133.0,Spring Bay Ntc Aws,147.9,-42.5,[16.500 - 19]
94008.0,Hobart Airport,147.5,-42.8,[16.500 - 19]
94029.0,Hobart (Ellerslie Road),147.3,-42.9,[16.500 - 19]
94041.0,Maatsuyker Island Lighthouse,146.3,-43.7,[11.500 - 14]
94087.0,Kunanyi (Mount Wellington Pinnacle),147.2,-42.9,[9 - 11.500]
94155.0,Tasman Island,148.0,-43.2,[14 - 16.500]
94191.0,Hartz Mountain (Keoghs Pimple),146.8,-43.2,[11.500 - 14]
94195.0,Tunnack Fire Station,147.5,-42.5,[14 - 16.500]
94198.0,Cape Bruny (Cape Bruny),147.1,-43.5,[14 - 16.500]
94212.0,Campania (Kincora),147.4,-42.7,[19 - 21.500]
94220.0,Grove (Research Station),147.1,-43.0,[16.500 - 19]
94254.0,Dunalley (Stroud Point),147.8,-42.9,[16.500 - 19]
94255.0,Dennes Point,147.4,-43.1,[16.500 - 19]
95003.0,Bushy Park (Bushy Park Estates),146.9,-42.7,[16.500 - 19]
95048.0,Ouse Fire Station,146.7,-42.5,[19 - 21.500]
96003.0,Butlers Gorge,146.3,-42.3,[14 - 16.500]
96033.0,Liawenee,146.7,-41.9,[11.500 - 14]
97000.0,Cape Sorell,145.2,-42.2,[16.500 - 19]
97024.0,Warra,146.7,-43.1,[14 - 16.500]
97072.0,Strahan Aerodrome,145.3,-42.2,[16.500 - 19]
97080.0,Low Rocky Point,145.5,-43.0,[14 - 16.500]
97083.0,Scotts Peak Dam,146.3,-43.0,[14 - 16.500]
97085.0,Mount Read,145.5,-41.8,[9 - 11.500]
98017.0,King Island Airport,143.9,-39.9,[16.500 - 19]
99005.0,Flinders Island Airport,148.0,-40.1,[19 - 21.500]
200001.0,Middle Percy Island,150.3,-21.7,[24 - 26.500]
200283.0,Willis Island,150.0,-16.3,[29 - 31.500]
200731.0,Point Fawcett,130.0,-11.8,[29 - 31.500]
200838.0,Hogan Island,147.0,-39.2,[16.500 - 19]
